raw,monotone,lisse,reciproque,verif
-3.14,-3.141593,-3.141593,-3.140000,-3.141497
-3.106932878,-3.037288,-3.037288,-3.106933,-3.139509
-3.094144582,-3.032869,-3.032869,-3.094145,-3.138740
-3.073224306,-3.028299,-3.028299,-3.073224,-3.137482
-3.059829473,-3.023610,-3.023610,-3.059829,-3.136677
-3.050131797,-3.018871,-3.018871,-3.050132,-3.136094
-3.036664247,-3.014104,-3.014104,-3.036664,-3.132952
-3.022835969,-3.009333,-3.009333,-3.022836,-3.115626
-3.020600557,-3.004543,-3.004543,-3.020601,-3.112665
-3.007529497,-2.999752,-2.999752,-3.007529,-3.095468
-2.993293762,-2.987223,-2.987223,-2.993294,-3.081939
-2.963877439,-2.978760,-2.978760,-2.963877,-3.061758
-2.9709661,-2.970274,-2.970274,-2.970966,-3.066916
-2.955864191,-2.961632,-2.961632,-2.955864,-3.055987
-2.948041915,-2.952885,-2.952885,-2.948042,-3.050432
-2.937091588,-2.944001,-2.944001,-2.937092,-3.042783
-2.940361976,-2.934973,-2.934973,-2.940362,-3.045049
-2.912808418,-2.925741,-2.925741,-2.912808,-3.026413
-2.925231933,-2.916378,-2.916378,-2.925232,-3.034702
-2.894301652,-2.906826,-2.906826,-2.894302,-3.013979
-2.89409995,-2.897564,-2.897564,-2.894100,-3.013841
-2.888868331,-2.888444,-2.888444,-2.888868,-3.010232
-2.868140935,-2.879502,-2.879502,-2.868141,-2.995504
-2.867282867,-2.870755,-2.870755,-2.867283,-2.994878
-2.861310005,-2.862186,-2.862186,-2.861310,-2.990488
-2.854580402,-2.853757,-2.853757,-2.854580,-2.985489
-2.835005044,-2.845441,-2.845441,-2.835005,-2.970556
-2.837845325,-2.837293,-2.837293,-2.837845,-2.972762
-2.818449497,-2.829276,-2.829276,-2.818449,-2.957375
-2.816186666,-2.821448,-2.821448,-2.816187,-2.955526
-2.81114149,-2.813772,-2.813772,-2.811141,-2.951384
-2.802624464,-2.806165,-2.806165,-2.802624,-2.944311
-2.801970481,-2.798704,-2.798704,-2.801970,-2.943765
-2.787951707,-2.791351,-2.791351,-2.787952,-2.931807
-2.775239944,-2.784122,-2.784122,-2.775240,-2.920614
-2.773319959,-2.777026,-2.777026,-2.773320,-2.918880
-2.753725767,-2.770088,-2.770088,-2.753726,-2.900593
-2.769213914,-2.763329,-2.763329,-2.769214,-2.915143
-2.75311923,-2.756690,-2.756690,-2.753119,-2.900015
-2.732795476,-2.750141,-2.750141,-2.732795,-2.879962
-2.747586011,-2.743780,-2.743780,-2.747586,-2.894642
-2.73342204,-2.737449,-2.737449,-2.733422,-2.880589
-2.738945007,-2.731220,-2.731220,-2.738945,-2.886121
-2.723275899,-2.725059,-2.725059,-2.723276,-2.870255
-2.713169097,-2.719003,-2.719003,-2.713169,-2.859683
-2.707926988,-2.713066,-2.713066,-2.707927,-2.854073
-2.702346324,-2.707226,-2.707226,-2.702346,-2.847991
-2.697443962,-2.701492,-2.701492,-2.697444,-2.842576
-2.694044351,-2.695837,-2.695837,-2.694044,-2.838804
-2.683432102,-2.690184,-2.690184,-2.683432,-2.826890
-2.686712265,-2.684640,-2.684640,-2.686712,-2.830605
-2.687518835,-2.679123,-2.679123,-2.687519,-2.831519
-2.672225713,-2.673621,-2.673621,-2.672226,-2.814103
-2.661442995,-2.668197,-2.668197,-2.661443,-2.801613
-2.663547277,-2.662788,-2.662788,-2.663547,-2.804075
-2.659067153,-2.657440,-2.657440,-2.659067,-2.798834
-2.656694889,-2.652122,-2.652122,-2.656695,-2.796053
-2.644260406,-2.646859,-2.646859,-2.644260,-2.781270
-2.639230489,-2.641675,-2.641675,-2.639230,-2.775242
-2.617141008,-2.636378,-2.636378,-2.617141,-2.748291
-2.635925054,-2.631251,-2.631251,-2.635925,-2.771259
-2.634876251,-2.626090,-2.626090,-2.634876,-2.769993
-2.623304843,-2.620994,-2.620994,-2.623305,-2.755901
-2.614413499,-2.615954,-2.615954,-2.614413,-2.744911
-2.616098165,-2.610856,-2.610856,-2.616098,-2.746999
-2.605084896,-2.605809,-2.605809,-2.605085,-2.733358
-2.604698181,-2.600768,-2.600768,-2.604698,-2.732877
-2.57297635,-2.595779,-2.595779,-2.572976,-2.691236
-2.594923257,-2.591002,-2.591002,-2.594923,-2.720608
-2.580757617,-2.586207,-2.586207,-2.580758,-2.701884
-2.578275442,-2.581546,-2.581546,-2.578275,-2.698502
-2.584419012,-2.576943,-2.576943,-2.584419,-2.706790
-2.553647279,-2.572401,-2.572401,-2.553647,-2.664213
-2.575307369,-2.567859,-2.567859,-2.575307,-2.694454
-2.575217723,-2.563353,-2.563353,-2.575218,-2.694330
-2.564231395,-2.558880,-2.558880,-2.564231,-2.679125
-2.563995122,-2.554454,-2.554454,-2.563995,-2.678797
-2.504829645,-2.550073,-2.550073,-2.504830,-2.583539
-2.548213481,-2.546044,-2.546044,-2.548213,-2.656230
-2.525880575,-2.541982,-2.541982,-2.525881,-2.620813
-2.554079532,-2.538047,-2.538047,-2.554080,-2.664829
-2.543842554,-2.534035,-2.534035,-2.543843,-2.649508
-2.494984865,-2.530105,-2.530105,-2.494985,-2.564592
-2.542192697,-2.526358,-2.526358,-2.542193,-2.646915
-2.510387659,-2.522660,-2.522660,-2.510388,-2.593699
-2.530483484,-2.519133,-2.519133,-2.530483,-2.628410
-2.528259277,-2.515560,-2.515560,-2.528259,-2.624739
-2.500405311,-2.511968,-2.511968,-2.500405,-2.575234
-2.522892236,-2.508533,-2.508533,-2.522892,-2.615682
-2.490035057,-2.505103,-2.505103,-2.490035,-2.554418
-2.518416643,-2.501800,-2.501800,-2.518417,-2.607902
-2.446115016,-2.498492,-2.498492,-2.446115,-2.456346
-2.499866724,-2.495344,-2.495344,-2.499867,-2.574205
-2.5035398,-2.492312,-2.492312,-2.503540,-2.581118
-2.488335132,-2.489288,-2.489288,-2.488335,-2.550877
-2.500403404,-2.486354,-2.486354,-2.500403,-2.575231
-2.497302532,-2.483384,-2.483384,-2.497303,-2.569156
-2.467532634,-2.480315,-2.480315,-2.467533,-2.505192
-2.461222648,-2.477369,-2.477369,-2.461223,-2.490042
-2.446034908,-2.474561,-2.474561,-2.446035,-2.456174
-2.493578195,-2.471935,-2.471935,-2.493578,-2.561800
-2.442062616,-2.469210,-2.469210,-2.442063,-2.447438
-2.485655784,-2.466633,-2.466633,-2.485656,-2.545260
-2.477330684,-2.464040,-2.464040,-2.477331,-2.527623
-2.439927577,-2.461376,-2.461376,-2.439928,-2.442541
-2.476336956,-2.458862,-2.458862,-2.476337,-2.525499
-2.462722301,-2.455974,-2.455974,-2.462722,-2.493588
-2.467176437,-2.453136,-2.453136,-2.467176,-2.504333
-2.447429418,-2.450225,-2.450225,-2.447429,-2.459170
-2.450314998,-2.447283,-2.447283,-2.450315,-2.465387
-2.396604061,-2.444374,-2.444374,-2.396604,-2.330827
-2.466391563,-2.441603,-2.441603,-2.466392,-2.502440
-2.434626579,-2.438873,-2.438873,-2.434627,-2.430171
-2.444657087,-2.436220,-2.436220,-2.444657,-2.453215
-2.424124956,-2.433506,-2.433506,-2.424125,-2.404864
-2.454220771,-2.430979,-2.430979,-2.454221,-2.473906
-2.430949926,-2.428406,-2.428406,-2.430950,-2.421433
-2.446554422,-2.425803,-2.425803,-2.446554,-2.457290
-2.403321504,-2.423153,-2.423153,-2.403322,-2.350960
-2.408125162,-2.420612,-2.420612,-2.408125,-2.364568
-2.449012279,-2.418260,-2.418260,-2.449012,-2.462570
-2.416914939,-2.415681,-2.415681,-2.416915,-2.386984
-2.418359994,-2.413120,-2.413120,-2.418360,-2.390549
-2.403432369,-2.410534,-2.410534,-2.403432,-2.351294
-2.289466142,-2.408050,-2.408050,-2.289466,-2.013467
-2.443168401,-2.406080,-2.406080,-2.443168,-2.449974
-2.384785413,-2.403895,-2.403895,-2.384785,-2.297075
-2.394055843,-2.401856,-2.401856,-2.394056,-2.323233
-2.394110441,-2.399815,-2.399815,-2.394110,-2.323395
-2.420614957,-2.397850,-2.397850,-2.420615,-2.396149
-2.423934698,-2.395814,-2.395814,-2.423935,-2.404392
-2.393559932,-2.393439,-2.393439,-2.393560,-2.321755
-2.378677606,-2.391179,-2.391179,-2.378678,-2.280761
-2.41567254,-2.389084,-2.389084,-2.415673,-2.383920
-2.394103527,-2.386763,-2.386763,-2.394104,-2.323375
-2.383975028,-2.384607,-2.384607,-2.383975,-2.294843
-2.414732694,-2.382291,-2.382291,-2.414733,-2.381602
-2.400128841,-2.379853,-2.379853,-2.400129,-2.341351
-2.390718221,-2.377278,-2.377278,-2.390718,-2.313673
-2.367047309,-2.374751,-2.374751,-2.367047,-2.251765
-2.361570596,-2.372224,-2.372224,-2.361571,-2.237786
-2.350655794,-2.369664,-2.369664,-2.350656,-2.209238
-2.416693449,-2.367291,-2.367291,-2.416693,-2.386438
-2.274880886,-2.364800,-2.364800,-2.274881,-1.965583
-2.346154212,-2.362312,-2.362312,-2.346154,-2.198749
-2.355188608,-2.360092,-2.360092,-2.355189,-2.220262
-2.339792251,-2.357897,-2.357897,-2.339792,-2.184372
-2.365639925,-2.355450,-2.355450,-2.365640,-2.248180
-2.394501924,-2.353083,-2.353083,-2.394502,-2.324562
-2.283631563,-2.350255,-2.350255,-2.283632,-1.990519
-2.402616024,-2.347662,-2.347662,-2.402616,-2.348837
-2.363519906,-2.344846,-2.344846,-2.363520,-2.242779
-2.325544357,-2.341909,-2.341909,-2.325544,-2.149548
-2.393343687,-2.339208,-2.339208,-2.393344,-2.321110
-2.279535293,-2.336384,-2.336384,-2.279535,-1.978035
-2.338538169,-2.333850,-2.333850,-2.338538,-2.181562
-2.347937583,-2.331379,-2.331379,-2.347938,-2.202810
-2.390396356,-2.328921,-2.328921,-2.390396,-2.312765
-2.284991264,-2.326395,-2.326395,-2.284991,-1.994717
-2.294362068,-2.324059,-2.324059,-2.294362,-2.040001
-2.374827623,-2.321909,-2.321909,-2.374828,-2.271198
-2.349476814,-2.319613,-2.319613,-2.349477,-2.206371
-2.348836421,-2.317234,-2.317234,-2.348836,-2.204857
-2.317296504,-2.314855,-2.314855,-2.317297,-2.127122
-2.289147615,-2.312164,-2.312164,-2.289148,-2.011999
-2.194891214,-2.309530,-2.309530,-2.194891,-1.630194
-2.386931419,-2.307298,-2.307298,-2.386931,-2.302992
-2.181177616,-2.305066,-2.305066,-2.181178,-1.605290
-2.227797508,-2.303366,-2.303366,-2.227798,-1.702160
-2.322179079,-2.301821,-2.301821,-2.322179,-2.140558
-2.313595771,-2.300498,-2.300498,-2.313596,-2.117843
-2.320929765,-2.299314,-2.299314,-2.320930,-2.137095
-2.348045825,-2.298142,-2.298142,-2.348046,-2.203057
-2.356534957,-2.297096,-2.297096,-2.356535,-2.223903
-2.208448171,-2.296050,-2.296050,-2.208448,-1.655831
-2.300411224,-2.295151,-2.295151,-2.300411,-2.076592
-2.365374088,-2.294383,-2.294383,-2.365374,-2.247502
-2.271464586,-2.293685,-2.293685,-2.271465,-1.956740
-2.327147722,-2.293025,-2.293025,-2.327148,-2.153649
-2.289378166,-2.292101,-2.292101,-2.289378,-2.013061
-2.276553153,-2.290953,-2.290953,-2.276553,-1.970057
-2.357260227,-2.289107,-2.289107,-2.357260,-2.225902
-2.1959908,-2.287261,-2.287261,-2.195991,-1.632298
-2.293531894,-2.285562,-2.285562,-2.293532,-2.034392
-2.281225681,-2.283473,-2.283473,-2.281226,-1.983090
-2.333340883,-2.281264,-2.281264,-2.333341,-2.169201
-2.280422925,-2.278936,-2.278936,-2.280423,-1.980611
-2.342678785,-2.276608,-2.276608,-2.342679,-2.190839
-2.242721557,-2.274232,-2.274232,-2.242722,-1.888141
-2.277399778,-2.271798,-2.271798,-2.277400,-1.972321
-2.352619886,-2.269365,-2.269365,-2.352620,-2.214015
-2.248676061,-2.266700,-2.266700,-2.248676,-1.904917
-2.33854866,-2.264036,-2.264036,-2.338549,-2.181585
-2.307633161,-2.261348,-2.261348,-2.307633,-2.102448
-2.272076606,-2.258620,-2.258620,-2.272077,-1.958294
-2.265805244,-2.255622,-2.255622,-2.265805,-1.942668
-2.262853384,-2.252623,-2.252623,-2.262853,-1.935742
-2.21948266,-2.249608,-2.249608,-2.219483,-1.676917
-2.155942916,-2.246857,-2.246857,-2.155943,-1.407940
-1.951524734,-2.244474,-2.244474,-1.951525,-0.542430
-2.363889932,-2.242993,-2.242993,-2.363890,-2.243721
-2.129316806,-2.241511,-2.241511,-2.129317,-1.150767
-2.152969837,-2.240196,-2.240196,-2.152970,-1.341717
-2.238123893,-2.239270,-2.239270,-2.238124,-1.860221
-2.290126323,-2.238463,-2.238463,-2.290126,-2.016510
-2.292359113,-2.237776,-2.237776,-2.292359,-2.026801
-2.313387393,-2.237089,-2.237089,-2.313387,-2.117321
-2.222067594,-2.236450,-2.236450,-2.222068,-1.682510
-2.324432611,-2.235869,-2.235869,-2.324433,-2.146704
-2.22206521,-2.235287,-2.235287,-2.222065,-1.682505
-2.327907085,-2.234937,-2.234937,-2.327907,-2.155591
-2.251043319,-2.234587,-2.234587,-2.251043,-1.909871
-2.29330039,-2.234259,-2.234259,-2.293300,-2.032829
-2.174157381,-2.233972,-2.233972,-2.174157,-1.593207
-2.329741716,-2.233955,-2.233955,-2.329742,-2.160284
-2.192999362,-2.233939,-2.233939,-2.192999,-1.626574
-2.230623483,-2.233939,-2.233939,-2.230623,-1.730907
-2.32524228,-2.233939,-2.233939,-2.325242,-2.148775
-2.290382623,-2.233939,-2.233939,-2.290383,-2.017691
-2.241623163,-2.233610,-2.233610,-2.241623,-1.882925
-2.233102798,-2.233281,-2.233281,-2.233103,-1.784829
-2.078173398,-2.232951,-2.232951,-2.078173,-1.096362
-2.342292785,-2.232622,-2.232622,-2.342293,-2.189974
-2.140457868,-2.232293,-2.232293,-2.140458,-1.170400
-2.21484375,-2.231964,-2.231964,-2.214844,-1.667590
-2.309835672,-2.231635,-2.231635,-2.309836,-2.108232
-2.184220314,-2.231305,-2.231305,-2.184220,-1.610527
-2.321725606,-2.230976,-2.230976,-2.321726,-2.139301
-2.254595994,-2.230647,-2.230647,-2.254596,-1.917305
-2.17722249,-2.230126,-2.230126,-2.177222,-1.598482
-2.318111419,-2.229241,-2.229241,-2.318111,-2.129282
-2.116450548,-2.226767,-2.226767,-2.116451,-1.135204
-2.233162641,-2.224293,-2.224293,-2.233163,-1.786130
-2.281673908,-2.221702,-2.221702,-2.281674,-1.984474
-2.220403432,-2.218557,-2.218557,-2.220403,-1.678910
-2.311516046,-2.215360,-2.215360,-2.311516,-2.112629
-2.227687597,-2.211787,-2.211787,-2.227688,-1.701743
-2.11890769,-2.208215,-2.208215,-2.118908,-1.138029
-2.320199251,-2.204971,-2.204971,-2.320199,-2.135070
-2.168662786,-2.201694,-2.201694,-2.168663,-1.582919
-2.307827949,-2.198417,-2.198417,-2.307828,-2.102959
-2.295648813,-2.195140,-2.195140,-2.295649,-2.048694
-2.231251955,-2.191863,-2.191863,-2.231252,-1.744575
-2.261440277,-2.188531,-2.188531,-2.261440,-1.932426
-2.209406852,-2.184888,-2.184888,-2.209407,-1.657590
-2.193764448,-2.181244,-2.181244,-2.193764,-1.628038
-2.18001604,-2.177601,-2.177601,-2.180016,-1.603290
-2.083337068,-2.173958,-2.173958,-2.083337,-1.101438
-2.04589796,-2.170506,-2.170506,-2.045898,-1.065963
-1.744433522,-2.167419,-2.167419,-1.744434,-0.136458
-2.343703508,-2.165920,-2.165920,-2.343704,-2.193167
-1.963746666,-2.164422,-2.164422,-1.963747,-0.600368
-2.081857919,-2.163040,-2.163040,-2.081858,-1.099979
-2.201289415,-2.162212,-2.162212,-2.201289,-1.642442
-2.175999641,-2.161437,-2.161437,-2.176000,-1.596378
-2.239651203,-2.161037,-2.161037,-2.239651,-1.870130
-2.20176053,-2.160638,-2.160638,-2.201761,-1.643344
-2.213313817,-2.160238,-2.160238,-2.213314,-1.664774
-2.244136095,-2.159871,-2.159871,-2.244136,-1.892160
-2.280979156,-2.159505,-2.159505,-2.280979,-1.982328
-2.30618596,-2.159139,-2.159139,-2.306186,-2.098647
-2.152218341,-2.158772,-2.158772,-2.152218,-1.334943
-2.14906454,-2.158461,-2.158461,-2.149065,-1.306512
-2.297071933,-2.158461,-2.158461,-2.297072,-2.058308
-2.241694927,-2.158461,-2.158461,-2.241695,-1.883391
-2.17953062,-2.158461,-2.158461,-2.179531,-1.602455
-2.296335458,-2.158461,-2.158461,-2.296335,-2.053332
-2.118108272,-2.158461,-2.158461,-2.118108,-1.137110
-2.207852602,-2.158461,-2.158461,-2.207853,-1.654738
-2.285126686,-2.158461,-2.158461,-2.285127,-1.995135
-2.214991092,-2.158461,-2.158461,-2.214991,-1.667861
-2.147989749,-2.158461,-2.158461,-2.147990,-1.296822
-2.304400444,-2.158461,-2.158461,-2.304400,-2.092940
-2.023010969,-2.158461,-2.158461,-2.023011,-1.027944
-2.14770174,-2.158461,-2.158461,-2.147702,-1.292606
-2.269423961,-2.158461,-2.158461,-2.269424,-1.951558
-2.166886091,-2.158461,-2.158461,-2.166886,-1.579522
-2.293019294,-2.158461,-2.158461,-2.293019,-2.030930
-2.102086544,-2.158461,-2.158461,-2.102087,-1.120000
-2.136721849,-2.158461,-2.158461,-2.136722,-1.162598
-2.291625976,-2.158461,-2.158461,-2.291626,-2.023422
-2.207206249,-2.157829,-2.157829,-2.207206,-1.653552
-2.208299636,-2.157196,-2.157196,-2.208300,-1.655559
-2.175200939,-2.156564,-2.156564,-2.175201,-1.595003
-1.95908904,-2.155868,-2.155868,-1.959089,-0.574468
-2.323505878,-2.155173,-2.155173,-2.323506,-2.144236
-1.830013155,-2.154477,-2.154477,-1.830013,-0.254459
-2.129714488,-2.153781,-2.153781,-2.129714,-1.151355
-2.174923419,-2.153086,-2.153086,-2.174923,-1.594525
-2.15514779,-2.152390,-2.152390,-2.155148,-1.383337
-2.25047636,-2.151695,-2.151695,-2.250476,-1.908684
-2.271103858,-2.150999,-2.150999,-2.271104,-1.955824
-2.185071468,-2.150304,-2.150304,-2.185071,-1.611992
-2.032845973,-2.149608,-2.149608,-2.032846,-1.049789
-2.28255701,-2.148912,-2.148912,-2.282557,-1.987200
-2.139585494,-2.148217,-2.148217,-2.139585,-1.168578
-2.259303092,-2.147521,-2.147521,-2.259303,-1.927661
-2.193948984,-2.146826,-2.146826,-2.193949,-1.628391
-2.096622228,-2.146130,-2.146130,-2.096622,-1.114549
-1.907826066,-2.145434,-2.145434,-1.907826,-0.408298
-2.297048091,-2.145371,-2.145371,-2.297048,-2.058147
-2.128069162,-2.145308,-2.145308,-2.128069,-1.149127
-2.142804622,-2.145245,-2.145245,-2.142805,-1.196915
-2.238433361,-2.145245,-2.145245,-2.238433,-1.862229
-2.263221502,-2.145245,-2.145245,-2.263222,-1.936605
-2.168082952,-2.145245,-2.145245,-2.168083,-1.581810
-2.18089652,-2.145245,-2.145245,-2.180897,-1.604806
-2.271519899,-2.145245,-2.145245,-2.271520,-1.956880
-2.047360897,-2.145245,-2.145245,-2.047361,-1.067427
-2.124772071,-2.145245,-2.145245,-2.124772,-1.144989
-2.233348608,-2.145245,-2.145245,-2.233349,-1.790175
-2.131129503,-2.145245,-2.145245,-2.131130,-1.153447
-2.250494956,-2.145245,-2.145245,-2.250495,-1.908723
-2.135167121,-2.144248,-2.144248,-2.135167,-1.159418
-2.187416791,-2.141738,-2.141738,-2.187417,-1.616238
-2.274589776,-2.139227,-2.139227,-2.274590,-1.964804
-2.017233848,-2.135367,-2.135367,-2.017234,-0.815000
-2.15562129,-2.131146,-2.131146,-2.155621,-1.397988
-2.262696266,-2.126453,-2.126453,-2.262696,-1.935373
-2.064139842,-2.120999,-2.120999,-2.064140,-1.083145
-2.270680665,-2.115545,-2.115545,-2.270681,-1.954749
-2.20741415,-2.109645,-2.109645,-2.207414,-1.653934
-2.213665008,-2.103601,-2.103601,-2.213665,-1.665420
-2.176825761,-2.097268,-2.097268,-2.176826,-1.597800
-2.143609523,-2.090912,-2.090912,-2.143610,-1.212643
-2.172275781,-2.084557,-2.084557,-2.172276,-1.589828
-2.150192975,-2.078201,-2.078201,-2.150193,-1.316684
-2.142493963,-2.071507,-2.071507,-2.142494,-1.190844
-2.057139873,-2.064814,-2.064814,-2.057140,-1.076588
-2.041506767,-2.058120,-2.058120,-2.041507,-1.061540
-1.963555932,-2.051426,-2.051426,-1.963556,-0.599302
-1.763561129,-2.044733,-2.044733,-1.763561,-0.152789
-1.588771343,-2.039036,-2.039036,-1.588771,-0.067035
-2.313668012,-2.034853,-2.034853,-2.313668,-2.118024
-1.660850286,-2.030669,-2.030669,-1.660850,-0.094645
-1.887508511,-2.027836,-2.027836,-1.887509,-0.370712
-1.984926819,-2.025363,-2.025363,-1.984927,-0.661186
-1.987949609,-2.023362,-2.023362,-1.987950,-0.667473
-2.095493793,-2.022123,-2.022123,-2.095494,-1.113435
-2.078366279,-2.020883,-2.020883,-2.078366,-1.096545
-2.155441045,-2.020089,-2.020089,-2.155441,-1.392411
-2.109278678,-2.019440,-2.019440,-2.109279,-1.127429
-2.168631553,-2.019079,-2.019079,-2.168632,-1.582859
-2.162191629,-2.018741,-2.018741,-2.162192,-1.555943
-2.202991485,-2.018403,-2.018403,-2.202991,-1.645701
-1.978911995,-2.018065,-2.018065,-1.978912,-0.649199
-2.233374595,-2.018065,-2.018065,-2.233375,-1.790740
-2.222498178,-2.018065,-2.018065,-2.222498,-1.683442
-2.087334632,-2.018065,-2.018065,-2.087335,-1.105382
-1.88118577,-2.018065,-2.018065,-1.881186,-0.359042
-2.257001638,-2.018065,-2.018065,-2.257002,-1.922588
-2.106348514,-2.018065,-2.018065,-2.106349,-1.124372
-2.229172945,-2.018065,-2.018065,-2.229173,-1.707368
-1.910397171,-2.018065,-2.018065,-1.910397,-0.415058
-2.17462325,-2.018065,-2.018065,-2.174623,-1.594009
-2.036602735,-2.018065,-2.018065,-2.036603,-1.055294
-1.823636174,-2.018065,-2.018065,-1.823636,-0.242525
-2.225260972,-2.018065,-2.018065,-2.225261,-1.692555
-2.110463857,-2.018065,-2.018065,-2.110464,-1.128682
-1.924077749,-2.018065,-2.018065,-1.924078,-0.453106
-2.195952177,-2.018065,-2.018065,-2.195952,-1.632225
-2.138309717,-2.018065,-2.018065,-2.138310,-1.165914
-1.976740598,-2.018065,-2.018065,-1.976741,-0.644603
-2.235085725,-2.018065,-2.018065,-2.235086,-1.827955
-1.898663997,-2.018065,-2.018065,-1.898664,-0.390089
-2.116327524,-2.018065,-2.018065,-2.116328,-1.135067
-2.159365177,-2.018065,-2.018065,-2.159365,-1.513832
-2.024364471,-2.018065,-2.018065,-2.024364,-1.031617
-2.216087102,-2.018065,-2.018065,-2.216087,-1.669878
-2.034354209,-2.018065,-2.018065,-2.034354,-1.052256
-2.1672194,-2.018065,-2.018065,-2.167219,-1.580159
-2.106113433,-2.018065,-2.018065,-2.106113,-1.124126
-2.06569457,-2.018065,-2.018065,-2.065695,-1.084602
-1.947385668,-2.018065,-2.018065,-1.947386,-0.523783
-1.59913063,-2.018065,-2.018065,-1.599131,-0.070879
-2.243831872,-2.018065,-2.018065,-2.243832,-1.891296
-1.937286496,-2.018065,-2.018065,-1.937286,-0.483263
-2.047667026,-2.018065,-2.018065,-2.047667,-1.067714
-2.051511526,-2.018065,-2.018065,-2.051512,-1.071315
-2.143080472,-2.018065,-2.018065,-2.143080,-1.202305
-2.218983888,-2.018065,-2.018065,-2.218984,-1.675838
-1.860066413,-2.016547,-2.016547,-1.860066,-0.315470
-2.130998849,-2.015030,-2.015030,-2.130999,-1.153254
-1.933565258,-2.013512,-2.013512,-1.933565,-0.473021
-2.184445381,-2.011994,-2.011994,-2.184445,-1.610914
-1.939598798,-2.010001,-2.010001,-1.939599,-0.489827
-1.995385169,-2.008008,-2.008008,-1.995385,-0.685796
-2.147907257,-2.006015,-2.006015,-2.147907,-1.296079
-2.174234867,-2.003919,-2.003919,-2.174235,-1.593340
-1.864666581,-2.001657,-2.001657,-1.864667,-0.324044
-2.018933057,-1.999394,-1.999394,-2.018933,-0.888977
-2.16942954,-1.997132,-1.997132,-2.169430,-1.584385
-2.162977457,-1.994869,-1.994869,-2.162977,-1.559977
-2.084625005,-1.992607,-1.992607,-2.084625,-1.102709
-2.031919956,-1.989594,-1.989594,-2.031920,-1.048275
-2.016188144,-1.986580,-1.986580,-2.016188,-0.769473
-2.018962144,-1.983556,-1.983556,-2.018962,-0.890243
-1.928577423,-1.980330,-1.980330,-1.928577,-0.462428
-1.712789416,-1.977103,-1.977103,-1.712789,-0.117341
-1.420031785,-1.973876,-1.973876,-1.420032,0.020726
-2.214991331,-1.972168,-1.972168,-2.214991,-1.667861
-1.858042716,-1.970459,-1.970459,-1.858043,-0.311728
-1.873798966,-1.968750,-1.968750,-1.873799,-0.343206
-1.990674376,-1.967041,-1.967041,-1.990674,-0.673173
-2.026649713,-1.965808,-1.965808,-2.026650,-1.037817
-1.953719496,-1.964574,-1.964574,-1.953719,-0.552042
-2.065532207,-1.963340,-1.963340,-2.065532,-1.084450
-2.113987684,-1.962209,-1.962209,-2.113988,-1.132519
-1.9771142,-1.961245,-1.961245,-1.977114,-0.645427
-2.139058351,-1.960281,-1.960281,-2.139058,-1.167477
-2.006571769,-1.959317,-1.959317,-2.006572,-0.717878
-2.131264925,-1.958010,-1.958010,-2.131265,-1.153647
-1.775573372,-1.955748,-1.955748,-1.775573,-0.165542
-2.114909887,-1.954236,-1.954236,-2.114910,-1.133523
-1.92931652,-1.952720,-1.952720,-1.929317,-0.463998
-1.945814609,-1.951214,-1.951214,-1.945815,-0.516699
-2.142105817,-1.949911,-1.949911,-2.142106,-1.183260
-1.73463428,-1.948603,-1.948603,-1.734634,-0.129558
-1.966821551,-1.947295,-1.947295,-1.966822,-0.615059
-2.034853935,-1.945987,-1.945987,-2.034854,-1.053005
-1.856101632,-1.944620,-1.944620,-1.856102,-0.308225
-2.120173454,-1.943254,-1.943254,-2.120173,-1.139484
-1.88007605,-1.941726,-1.941726,-1.880076,-0.356665
-2.103835105,-1.940199,-1.940199,-2.103835,-1.121749
-2.029975652,-1.938118,-1.938118,-2.029976,-1.045095
-1.994757175,-1.935190,-1.935190,-1.994757,-0.684113
-1.806327342,-1.932262,-1.932262,-1.806327,-0.210643
-1.694493412,-1.929287,-1.929287,-1.694493,-0.108609
-2.132895708,-1.926312,-1.926312,-2.132896,-1.156059
-1.660854935,-1.923163,-1.923163,-1.660855,-0.094647
-1.786284565,-1.920356,-1.920356,-1.786285,-0.179245
-1.945381641,-1.918506,-1.918506,-1.945382,-0.514745
-1.943276166,-1.916655,-1.916655,-1.943276,-0.505243
-2.017125368,-1.914809,-1.914809,-2.017125,-0.810277
-2.079395294,-1.912963,-1.912963,-2.079395,-1.097549
-1.918965935,-1.910342,-1.910342,-1.918966,-0.440339
-1.839197993,-1.907725,-1.907725,-1.839198,-0.274304
-2.032725572,-1.904781,-1.904781,-2.032726,-1.049593
-1.843255639,-1.901152,-1.901152,-1.843256,-0.283220
-1.874172449,-1.897582,-1.897582,-1.874172,-0.344007
-2.043984413,-1.894011,-1.894011,-2.043984,-1.064036
-1.970242261,-1.890496,-1.890496,-1.970242,-0.627923
-1.813918948,-1.886485,-1.886485,-1.813919,-0.224291
-1.72428894,-1.883027,-1.883027,-1.724289,-0.123577
-2.048500776,-1.880416,-1.880416,-2.048501,-1.068495
-1.735342025,-1.877455,-1.877455,-1.735342,-0.130039
-1.887029051,-1.874541,-1.874541,-1.887029,-0.369921
-1.87773025,-1.871628,-1.871628,-1.877730,-0.351639
-1.986323833,-1.868888,-1.868888,-1.986324,-0.664092
-1.569299101,-1.865524,-1.865524,-1.569299,-0.059917
-2.038403272,-1.862159,-1.862159,-2.038403,-1.057651
-1.915533781,-1.858795,-1.858795,-1.915534,-0.430158
-1.897908806,-1.855431,-1.855431,-1.897909,-0.388772
-1.744794845,-1.851669,-1.851669,-1.744795,-0.136719
-1.991018414,-1.848683,-1.848683,-1.991018,-0.674095
-1.64896965,-1.845415,-1.845415,-1.648970,-0.089867
-1.785414457,-1.842431,-1.842431,-1.785414,-0.178011
-1.89593923,-1.840110,-1.840110,-1.895939,-0.385328
-1.962460398,-1.837653,-1.837653,-1.962460,-0.593183
-1.864830851,-1.834382,-1.834382,-1.864831,-0.324351
-1.791283369,-1.831180,-1.831180,-1.791283,-0.186379
-1.949258327,-1.828015,-1.828015,-1.949258,-0.532219
-1.764379262,-1.824489,-1.824489,-1.764379,-0.153540
-1.746623039,-1.820963,-1.820963,-1.746623,-0.138111
-1.921229124,-1.817787,-1.817787,-1.921229,-0.447053
-1.761926412,-1.814518,-1.814518,-1.761926,-0.151327
-1.908389806,-1.811186,-1.811186,-1.908390,-0.409520
-1.669502496,-1.807250,-1.807250,-1.669502,-0.098155
-1.864587903,-1.803879,-1.803879,-1.864588,-0.323898
-1.800911784,-1.800187,-1.800187,-1.800912,-0.201295
-1.8767035,-1.796220,-1.796220,-1.876704,-0.349437
-1.735377669,-1.791753,-1.791753,-1.735378,-0.130063
-1.766953468,-1.787570,-1.787570,-1.766953,-0.156125
-1.867161154,-1.782881,-1.782881,-1.867161,-0.329207
-1.633459568,-1.777647,-1.777647,-1.633460,-0.083819
-1.777175545,-1.772241,-1.772241,-1.777176,-0.167422
-1.847141265,-1.766052,-1.766052,-1.847141,-0.291415
-1.668275356,-1.759038,-1.759038,-1.668275,-0.097657
-1.851778984,-1.752177,-1.752177,-1.851779,-0.300365
-1.625425457,-1.743881,-1.743881,-1.625425,-0.080744
-1.819085359,-1.734880,-1.734880,-1.819085,-0.234152
-1.807907462,-1.723610,-1.723610,-1.807907,-0.213403
-1.798489212,-1.712039,-1.712039,-1.798489,-0.197326
-1.792179107,-1.698798,-1.698798,-1.792179,-0.187670
-1.739303708,-1.684294,-1.684294,-1.739304,-0.132747
-1.690188407,-1.668853,-1.668853,-1.690188,-0.106748
-1.648043513,-1.653388,-1.653388,-1.648044,-0.089505
-1.748812437,-1.637386,-1.637386,-1.748812,-0.139811
-1.701684951,-1.620973,-1.620973,-1.701685,-0.111897
-1.695977807,-1.604188,-1.604188,-1.695978,-0.109276
-1.694638609,-1.587289,-1.587289,-1.694639,-0.108672
-1.584156751,-1.570087,-1.570087,-1.584157,-0.065339
-1.568701505,-1.553287,-1.553287,-1.568702,-0.059695
-1.555759072,-1.537149,-1.537149,-1.555759,-0.054867
-1.486298441,-1.521181,-1.521181,-1.486298,-0.026720
-1.500741958,-1.505854,-1.505854,-1.500742,-0.033018
-1.429150223,-1.491325,-1.491325,-1.429150,0.009145
-1.320660591,-1.477458,-1.477458,-1.320661,0.189635
-1.205025911,-1.465062,-1.465062,-1.205026,0.271212
-0.870005488,-1.453831,-1.453831,-0.870005,0.506339
-1.699024915,-1.445229,-1.445229,-1.699025,-0.110672
-1.195728898,-1.436928,-1.436928,-1.195729,0.278137
-1.302794814,-1.430297,-1.430297,-1.302795,0.201916
-1.378114342,-1.425022,-1.425022,-1.378114,0.138373
-1.463529825,-1.420747,-1.420747,-1.463530,-0.015721
-1.432722568,-1.417101,-1.417101,-1.432723,0.005610
-1.48449099,-1.414050,-1.414050,-1.484491,-0.025903
-1.468205809,-1.411732,-1.411732,-1.468206,-0.018128
-1.47398138,-1.410061,-1.410061,-1.473981,-0.021053
-1.544639825,-1.409004,-1.409004,-1.544640,-0.050611
-1.546728849,-1.408363,-1.408363,-1.546729,-0.051423
-1.508972287,-1.407826,-1.407826,-1.508972,-0.036469
-1.539495468,-1.407454,-1.407454,-1.539495,-0.048613
-1.426689743,-1.406814,-1.406814,-1.426690,0.011854
-1.442386746,-1.405959,-1.405959,-1.442387,-0.002274
-1.471877813,-1.404858,-1.404858,-1.471878,-0.019989
-1.519204378,-1.403258,-1.403258,-1.519204,-0.040650
-1.490016102,-1.401106,-1.401106,-1.490016,-0.028367
-1.468836903,-1.398276,-1.398276,-1.468837,-0.018451
-1.309832215,-1.394972,-1.394972,-1.309832,0.197119
-1.464216828,-1.391466,-1.391466,-1.464217,-0.016074
-1.435471296,-1.387286,-1.387286,-1.435471,0.003171
-1.324812412,-1.382634,-1.382634,-1.324812,0.186671
-1.387905001,-1.377670,-1.377670,-1.387905,0.124946
-1.390762448,-1.372261,-1.372261,-1.390762,0.120213
-1.382203459,-1.366293,-1.366293,-1.382203,0.133088
-1.353793978,-1.359784,-1.359784,-1.353794,0.163741
-1.345971941,-1.352669,-1.352669,-1.345972,0.170363
-1.357869982,-1.345038,-1.345038,-1.357870,0.160057
-1.313342452,-1.337118,-1.337118,-1.313342,0.194720
-1.376753568,-1.328764,-1.328764,-1.376754,0.140054
-1.35743308,-1.319948,-1.319948,-1.357433,0.160463
-1.289368987,-1.310788,-1.310788,-1.289369,0.211017
-1.294912219,-1.301580,-1.301580,-1.294912,0.207253
-1.292355298,-1.292278,-1.292278,-1.292355,0.208978
-1.319602727,-1.283151,-1.283151,-1.319603,0.190386
-1.245027661,-1.274212,-1.274212,-1.245028,0.242301
-1.298084497,-1.265372,-1.265372,-1.298084,0.205114
-1.236820101,-1.256697,-1.256697,-1.236820,0.248210
-1.220781326,-1.247782,-1.247782,-1.220781,0.259806
-1.265323042,-1.239087,-1.239087,-1.265323,0.227820
-1.211786508,-1.230506,-1.230506,-1.211787,0.266311
-1.22778213,-1.221723,-1.221723,-1.227782,0.254782
-1.18858695,-1.213088,-1.213088,-1.188587,0.283643
-1.1867913,-1.204435,-1.204435,-1.186791,0.285050
-1.135280489,-1.196049,-1.196049,-1.135280,0.323854
-1.159814119,-1.188050,-1.188050,-1.159814,0.305230
-1.253366231,-1.179975,-1.179975,-1.253366,0.236400
-1.156620144,-1.171441,-1.171441,-1.156620,0.307572
-1.210140228,-1.162885,-1.162885,-1.210140,0.267506
-1.120253682,-1.154335,-1.154335,-1.120254,0.335335
-1.134586095,-1.146053,-1.146053,-1.134586,0.324384
-1.113426446,-1.138064,-1.138064,-1.113426,0.340456
-1.176365733,-1.129846,-1.129846,-1.176366,0.293057
-1.187664389,-1.121707,-1.121707,-1.187664,0.284366
-1.035523772,-1.113208,-1.113208,-1.035524,0.396444
-1.187136054,-1.105211,-1.105211,-1.187136,0.284780
-1.077386856,-1.096734,-1.096734,-1.077387,0.367298
-1.056393623,-1.088088,-1.088088,-1.056394,0.382023
-1.136566877,-1.079654,-1.079654,-1.136567,0.322848
-1.025740504,-1.070619,-1.070619,-1.025741,0.402811
-1.120971083,-1.061812,-1.061812,-1.120971,0.334795
-0.979911863,-1.052597,-1.052597,-0.979912,0.434501
-1.088144421,-1.043713,-1.043713,-1.088144,0.359400
-1.05599308,-1.034485,-1.034485,-1.055993,0.382295
-0.946608304,-1.024625,-1.024625,-0.946608,0.455983
-0.982956826,-1.015356,-1.015356,-0.982957,0.432433
-0.992201328,-1.006506,-1.006506,-0.992201,0.425971
-1.045449972,-0.997540,-0.997540,-1.045450,0.389593
-0.979718089,-0.988740,-0.988740,-0.979718,0.434633
-1.085711002,-0.979509,-0.979509,-1.085711,0.361173
-0.849444568,-0.969697,-0.969697,-0.849445,0.521778
-1.088472247,-0.960124,-0.960124,-1.088472,0.359162
-0.926090717,-0.950228,-0.950228,-0.926091,0.468621
-1.007117152,-0.940375,-0.940375,-1.007117,0.415463
-0.903251409,-0.929928,-0.929928,-0.903251,0.482995
-0.856618046,-0.919654,-0.919654,-0.856618,0.516056
-0.968341469,-0.909985,-0.909985,-0.968341,0.442017
-0.79112035,-0.899960,-0.899960,-0.791120,0.569054
-0.92215985,-0.890849,-0.890849,-0.922160,0.471020
-0.866693794,-0.882025,-0.882025,-0.866694,0.508658
-0.890604376,-0.873773,-0.873773,-0.890604,0.491355
-0.865497946,-0.864816,-0.864816,-0.865498,0.509495
-0.748579442,-0.856453,-0.856453,-0.748579,0.608027
-0.969409883,-0.848941,-0.848941,-0.969410,0.441328
-0.841079652,-0.841194,-0.841194,-0.841080,0.528628
-0.785818278,-0.833272,-0.833272,-0.785818,0.573705
-0.940891325,-0.825679,-0.825679,-0.940891,0.459622
-0.683380126,-0.817445,-0.817445,-0.683380,0.655369
-0.82705295,-0.809814,-0.809814,-0.827053,0.539903
-0.671821534,-0.801950,-0.801950,-0.671822,0.663385
-0.883943974,-0.794562,-0.794562,-0.883944,0.496045
-0.680433869,-0.787444,-0.787444,-0.680434,0.657354
-0.763937294,-0.780408,-0.780408,-0.763937,0.594102
-0.681732356,-0.773576,-0.773576,-0.681732,0.656472
-0.854172527,-0.767319,-0.767319,-0.854173,0.517953
-0.752165675,-0.760578,-0.760578,-0.752166,0.604816
-0.775388658,-0.753540,-0.753540,-0.775389,0.583065
-1.008624553,-0.746545,-0.746545,-1.008625,0.414398
-0.732326507,-0.738414,-0.738414,-0.732327,0.621089
-0.547078549,-0.730192,-0.730192,-0.547079,0.763255
-0.857085168,-0.722581,-0.722581,-0.857085,0.515693
-0.80233854,-0.713948,-0.713948,-0.802339,0.559605
-0.83079493,-0.704429,-0.704429,-0.830795,0.536862
-0.658727228,-0.694451,-0.694451,-0.658727,0.673334
-0.698157131,-0.684979,-0.684979,-0.698157,0.645792
-0.605047941,-0.675749,-0.675749,-0.605048,0.715188
-0.604634284,-0.667449,-0.667449,-0.604634,0.715486
-0.4844172,-0.659364,-0.659364,-0.484417,0.813241
-0.665809869,-0.652227,-0.652227,-0.665810,0.667877
-0.776961088,-0.644527,-0.644527,-0.776961,0.581613
-0.464465677,-0.635985,-0.635985,-0.464466,0.830321
-0.594305217,-0.628040,-0.628040,-0.594305,0.723410
-0.667687535,-0.619845,-0.619845,-0.667688,0.666449
-0.677460372,-0.611410,-0.611410,-0.677460,0.659374
-0.428260803,-0.602705,-0.602705,-0.428261,0.860210
-0.822766005,-0.594898,-0.594898,-0.822766,0.543330
-0.551225244,-0.586644,-0.586644,-0.551225,0.759011
-0.651355922,-0.578647,-0.578647,-0.651356,0.679623
-0.42429924,-0.570664,-0.570664,-0.424299,0.863338
-0.479624241,-0.563009,-0.563009,-0.479624,0.817248
-0.482805132,-0.556400,-0.556400,-0.482805,0.814580
-0.580069601,-0.550204,-0.550204,-0.580070,0.734410
-0.668712913,-0.544239,-0.544239,-0.668713,0.665670
-0.945818543,-0.537052,-0.537052,-0.945819,0.456486
-0.356857508,-0.528979,-0.528979,-0.356858,0.923238
-0.593644201,-0.520905,-0.520905,-0.593644,0.723921
-0.50236535,-0.512295,-0.512295,-0.502365,0.799344
-0.438313305,-0.503685,-0.503685,-0.438313,0.851838
-0.365989476,-0.495080,-0.495080,-0.365989,0.912952
-0.514787852,-0.487537,-0.487537,-0.514788,0.790286
-0.28365004,-0.479978,-0.479978,-0.283650,1.055904
-0.5671705,-0.472832,-0.472832,-0.567171,0.744593
-0.403383314,-0.465548,-0.465548,-0.403383,0.878666
-0.467101365,-0.458372,-0.458372,-0.467101,0.828049
-0.622560441,-0.450424,-0.450424,-0.622560,0.702140
-0.234436318,-0.442456,-0.442456,-0.234436,1.085283
-0.575017929,-0.435270,-0.435270,-0.575018,0.738372
-0.420110106,-0.427373,-0.427373,-0.420110,0.866432
-0.510912716,-0.418883,-0.418883,-0.510913,0.793119
-0.281023263,-0.410129,-0.410129,-0.281023,1.057787
-0.413011252,-0.401847,-0.401847,-0.413011,0.871598
-0.227404877,-0.393776,-0.393776,-0.227405,1.088957
-0.625766634,-0.386928,-0.386928,-0.625767,0.699683
-0.417797625,-0.380589,-0.380589,-0.417798,0.868134
-0.337450534,-0.374251,-0.374251,-0.337451,0.947697
-0.543322801,-0.368453,-0.368453,-0.543323,0.767072
-0.189970642,-0.362655,-0.362655,-0.189971,1.107652
-0.337878584,-0.357431,-0.357431,-0.337879,0.947115
-0.509233474,-0.352286,-0.352286,-0.509233,0.794342
-0.172662466,-0.347156,-0.347156,-0.172662,1.115699
-0.41664341,-0.342333,-0.342333,-0.416643,0.868969
-0.168237924,-0.337927,-0.337927,-0.168238,1.117777
-0.188250526,-0.334173,-0.334173,-0.188251,1.108455
-0.45420888,-0.331191,-0.331191,-0.454209,0.839114
-0.200038075,-0.328675,-0.328675,-0.200038,1.102867
-0.241723075,-0.326255,-0.326255,-0.241723,1.081342
-0.201912745,-0.324758,-0.324758,-0.201913,1.101960
-0.415677398,-0.323866,-0.323866,-0.415677,0.869668
-0.308304905,-0.323237,-0.323237,-0.308305,1.031770
-0.294876158,-0.322402,-0.322402,-0.294876,1.046727
-0.320886611,-0.321820,-0.321820,-0.320887,0.993418
-0.396145075,-0.320396,-0.320396,-0.396145,0.884208
-0.457565307,-0.318091,-0.318091,-0.457565,0.836325
-0.608215093,-0.315069,-0.315069,-0.608215,0.712886
-0.55333662,-0.311155,-0.311155,-0.553337,0.756934
0.017214594,-0.305402,-0.305402,0.017215,1.262267
-0.665066599,-0.299650,-0.299650,-0.665067,0.668442
-0.55448985,-0.292761,-0.292761,-0.554490,0.755799
-0.41184619,-0.284128,-0.284128,-0.411846,0.872441
-0.528238952,-0.274940,-0.274940,-0.528239,0.780018
-0.147679686,-0.264186,-0.264186,-0.147680,1.127248
-0.303686469,-0.253163,-0.253163,-0.303686,1.037604
-0.189932256,-0.242139,-0.242139,-0.189932,1.107670
-0.199252501,-0.230175,-0.230175,-0.199253,1.103247
-0.135175064,-0.218015,-0.218015,-0.135175,1.133345
-0.148072868,-0.205685,-0.205685,-0.148073,1.127065
-0.125213757,-0.192485,-0.192485,-0.125214,1.138714
-0.018542513,-0.178925,-0.178925,-0.018543,1.221071
-0.316542506,-0.165570,-0.165570,-0.316543,1.015947
0.004491706,-0.151793,-0.151793,0.004492,1.249022
0.058074604,-0.138858,-0.138858,0.058075,1.308115
-0.198799476,-0.127180,-0.127180,-0.198799,1.103466
-0.28631246,-0.115965,-0.115965,-0.286312,1.053984
0.110593356,-0.104777,-0.104777,0.110593,1.356188
-0.046077381,-0.095310,-0.095310,-0.046077,1.194493
-0.191773727,-0.085728,-0.085728,-0.191774,1.106810
0.075455613,-0.076017,-0.076017,0.075456,1.328075
-0.211810842,-0.068051,-0.068051,-0.211811,1.096985
0.037148319,-0.060639,-0.060639,0.037148,1.284757
-0.050304088,-0.054458,-0.054458,-0.050304,1.190448
-0.30734539,-0.047956,-0.047956,-0.307345,1.033051
0.153157636,-0.040529,-0.040529,0.153158,1.383746
-0.128434345,-0.034043,-0.034043,-0.128434,1.136968
-0.073643729,-0.027753,-0.027753,-0.073644,1.170264
0.165724143,-0.021633,-0.021633,0.165724,1.390948
0.00501109,-0.016338,-0.016338,0.005011,1.249559
-0.109299339,-0.011403,-0.011403,-0.109299,1.147574
-0.073373876,-0.006468,-0.006468,-0.073374,1.170442
-0.25692442,-0.001607,-0.001607,-0.256924,1.072705
0.236621528,0.004458,0.004458,0.236622,1.432018
-0.02401152,0.010522,0.010522,-0.024012,1.215254
0.025561975,0.016590,0.016590,0.025562,1.271604
0.153550907,0.021794,0.021794,0.153551,1.383996
-0.004676835,0.027486,0.027486,-0.004677,1.237980
0.264831334,0.033368,0.033368,0.264831,1.450269
-0.207832157,0.038038,0.038038,-0.207832,1.099011
-0.01191671,0.043832,0.043832,-0.011917,1.228864
0.241402313,0.049625,0.049625,0.241402,1.434831
0.163327485,0.055542,0.055542,0.163327,1.389574
0.026163948,0.060867,0.060867,0.026164,1.272296
0.022292578,0.065658,0.065658,0.022293,1.267844
-0.122397571,0.071516,0.071516,-0.122398,1.140246
-0.148811057,0.078235,0.078235,-0.148811,1.126725
0.382009208,0.085634,0.085634,0.382009,1.587695
-0.172286301,0.093322,0.093322,-0.172286,1.115876
-0.010801806,0.101997,0.101997,-0.010802,1.230242
0.131337672,0.111523,0.111523,0.131338,1.369446
0.177359923,0.121893,0.121893,0.177360,1.397780
-0.015895538,0.131060,0.131060,-0.015896,1.223970
0.321657449,0.140530,0.140530,0.321657,1.531998
-0.007892043,0.150296,0.150296,-0.007892,1.233893
0.406041353,0.161425,0.161425,0.406041,1.598977
0.105438157,0.171947,0.171947,0.105438,1.352732
0.284243971,0.183011,0.183011,0.284244,1.466191
0.19731608,0.194094,0.194094,0.197316,1.409126
-0.089676924,0.204374,0.204374,-0.089677,1.159781
0.484631001,0.215595,0.215595,0.484631,1.632143
0.08131209,0.226356,0.226356,0.081312,1.333580
0.249212399,0.237118,0.237118,0.249212,1.439574
0.406995356,0.247489,0.247489,0.406995,1.599397
0.188482105,0.256795,0.256795,0.188482,1.404101
0.096990793,0.265239,0.265239,0.096991,1.346669
0.502325415,0.273002,0.273002,0.502325,1.639527
0.18407242,0.280433,0.280433,0.184072,1.401604
0.29673621,0.286875,0.286875,0.296736,1.479733
0.561503291,0.292467,0.292467,0.561503,1.664129
0.024847634,0.296866,0.296866,0.024848,1.270782
0.246226236,0.301265,0.301265,0.246226,1.437736
0.521648287,0.305361,0.305361,0.521648,1.647443
0.484115272,0.308903,0.308903,0.484115,1.631931
0.400642186,0.311082,0.311082,0.400642,1.596527
0.416528642,0.313261,0.313261,0.416529,1.603588
0.310238659,0.315034,0.315034,0.310239,1.499726
0.313120871,0.316735,0.316735,0.313121,1.506501
0.249433442,0.318618,0.318618,0.249433,1.439717
0.261903584,0.321160,0.321160,0.261904,1.448095
0.106359928,0.324294,0.324294,0.106360,1.353353
-0.114174909,0.329057,0.329057,-0.114175,1.144845
-0.343441009,0.335430,0.335430,-0.343441,0.939629
0.74315375,0.343467,0.343467,0.743154,1.778699
-0.020600508,0.351936,0.351936,-0.020601,1.218816
0.18297781,0.361712,0.361712,0.182978,1.400984
0.250275731,0.372780,0.372780,0.250276,1.440262
0.299120843,0.385682,0.385682,0.299121,1.482799
0.416895031,0.399084,0.399084,0.416895,1.603749
0.542874813,0.413315,0.413315,0.542875,1.655934
0.597480475,0.427871,0.427871,0.597480,1.681909
0.628716945,0.442427,0.442427,0.628717,1.699152
0.24246627,0.457715,0.457715,0.242466,1.435462
0.719773471,0.473003,0.473003,0.719773,1.760665
0.791537761,0.488291,0.488291,0.791538,1.828055
0.2569485,0.503139,0.503139,0.256949,1.444659
0.548143386,0.518528,0.518528,0.548143,1.658205
0.826179444,0.534646,0.534646,0.826179,1.866249
0.475805908,0.549167,0.549167,0.475806,1.628523
0.694550752,0.563111,0.563111,0.694551,1.743944
0.466609269,0.576375,0.576375,0.466609,1.624751
0.257587641,0.588330,0.588330,0.257588,1.445095
0.899253129,0.600308,0.600308,0.899253,1.906058
0.450927287,0.611853,0.611853,0.450927,1.618319
0.649304389,0.623000,0.623000,0.649304,1.713169
0.912645101,0.633049,0.633049,0.912645,1.911567
0.479507118,0.641751,0.641751,0.479507,1.630041
0.716094732,0.650462,0.650462,0.716095,1.758220
0.660170018,0.659099,0.659099,0.660170,1.721016
0.461019039,0.668207,0.668207,0.461019,1.622458
1.029587864,0.678240,0.678240,1.029588,1.960532
0.231704667,0.687541,0.687541,0.231705,1.429149
0.511479735,0.697008,0.697008,0.511480,1.643322
0.653824627,0.706476,0.706476,0.653825,1.716431
0.809110105,0.715944,0.715944,0.809110,1.848630
0.993165314,0.724870,0.724870,0.993165,1.945172
0.742698967,0.732563,0.732563,0.742699,1.778328
0.565135359,0.740257,0.740257,0.565135,1.665781
1.037336349,0.747934,0.747934,1.037336,1.963932
0.574699819,0.754662,0.754662,0.574700,1.670245
0.866775572,0.761091,0.761091,0.866776,1.891160
0.572915434,0.765832,0.765832,0.572915,1.669401
1.104810237,0.772136,0.772136,1.104810,2.003548
0.719627678,0.777533,0.777533,0.719628,1.760568
1.088324785,0.783549,0.783549,1.088325,1.990186
0.663411617,0.789078,0.789078,0.663412,1.723357
0.988875389,0.794562,0.794562,0.988875,1.943373
0.946972072,0.800125,0.800125,0.946972,1.925795
0.795213997,0.805034,0.805034,0.795214,1.832238
0.730950653,0.810328,0.810328,0.730951,1.768825
0.590583205,0.816524,0.816524,0.590583,1.678295
0.487372487,0.823462,0.823462,0.487372,1.633267
-0.003099978,0.830777,0.830777,-0.003100,1.239983
1.295521974,0.842078,0.842078,1.295522,2.157010
0.447563022,0.853378,0.853378,0.447563,1.616921
0.62776792,0.865188,0.865188,0.627768,1.698568
0.831794202,0.878770,0.878770,0.831794,1.871116
0.967253267,0.892715,0.892715,0.967253,1.934336
0.94859755,0.907986,0.907986,0.948598,1.926512
1.061299324,0.923258,0.923258,1.061299,1.975242
1.227518677,0.938529,0.938529,1.227519,2.116624
0.831997632,0.952745,0.952745,0.831998,1.871291
1.286098837,0.968338,0.968338,1.286099,2.150906
1.054040789,0.983135,0.983135,1.054041,1.971643
0.865068316,0.998123,0.998123,0.865068,1.890289
1.290583014,1.013338,1.013338,1.290583,2.153895
0.997640609,1.027717,1.027717,0.997641,1.947044
1.267985701,1.041956,1.041956,1.267986,2.140004
1.05696094,1.054885,1.054885,1.056961,1.973071
0.918560206,1.066911,1.066911,0.918560,1.913996
0.623383522,1.078029,1.078029,0.623384,1.696000
1.435869455,1.088770,1.088770,1.435869,2.242363
0.794565558,1.095525,1.095525,0.794566,1.831500
1.132247447,1.102843,1.102843,1.132247,2.034927
1.267636299,1.109652,1.109652,1.267636,2.139801
0.962514698,1.114922,1.114922,0.962515,1.932430
1.446326613,1.119939,1.119939,1.446327,2.248966
0.888186097,1.124062,1.124062,0.888186,1.901189
1.106638193,1.129655,1.129655,1.106638,2.005170
1.426180362,1.135578,1.135578,1.426180,2.236198
1.328638195,1.140993,1.140993,1.328638,2.174803
1.292699933,1.145031,1.145031,1.292700,2.155295
1.123097658,1.149052,1.149052,1.123098,2.022990
1.11428523,1.153388,1.153388,1.114285,2.012540
0.836819767,1.157205,1.157205,0.836820,1.874614
0.516443431,1.163298,1.163298,0.516443,1.645346
1.612638235,1.172371,1.172371,1.612638,2.357298
0.641043603,1.181443,1.181443,0.641044,1.707219
1.036457896,1.192160,1.192160,1.036458,1.963545
1.224338531,1.203603,1.203603,1.224339,2.114882
1.343196272,1.215047,1.215047,1.343196,2.181880
1.378019332,1.226490,1.226490,1.378019,2.199595
0.949540257,1.237370,1.237370,0.949540,1.926928
1.534321546,1.248250,1.248250,1.534322,2.303110
1.002052545,1.258897,1.258897,1.002053,1.948886
1.602645277,1.269707,1.269707,1.602645,2.350643
1.419009685,1.280084,1.280084,1.419010,2.231550
1.225710511,1.289479,1.289479,1.225711,2.115633
0.968598067,1.300106,1.300106,0.968598,1.934876
1.651706099,1.312243,1.312243,1.651706,2.380650
1.283382058,1.324380,1.324380,1.283382,2.149218
1.449850916,1.337407,1.337407,1.449851,2.251140
1.176284313,1.349927,1.349927,1.176284,2.086792
1.658282518,1.363196,1.363196,1.658283,2.384657
1.592128276,1.374608,1.374608,1.592128,2.344422
1.495534896,1.383266,1.383266,1.495535,2.276709
1.351587414,1.392076,1.392076,1.351587,2.186072
1.298892617,1.399635,1.399635,1.298893,2.159055
1.165738105,1.406889,1.406889,1.165738,2.078768
0.699505209,1.414143,1.414143,0.699505,1.747228
1.826784491,1.423999,1.423999,1.826784,2.488564
1.085290312,1.433855,1.433855,1.085290,1.988415
1.299555778,1.443711,1.443711,1.299556,2.159442
1.45279622,1.454903,1.454903,1.452796,2.252790
1.501145124,1.465823,1.465823,1.501145,2.280390
1.696689009,1.477577,1.477577,1.696689,2.408476
1.789968967,1.488843,1.488843,1.789969,2.463049
1.513422846,1.498546,1.498546,1.513423,2.289104
1.420836806,1.506944,1.506944,1.420837,2.232741
1.835588335,1.516725,1.516725,1.835588,2.494848
1.383700966,1.525615,1.525615,1.383701,2.203368
1.57474327,1.535259,1.535259,1.574743,2.331864
1.809060811,1.543983,1.543983,1.809061,2.475873
1.674131989,1.552880,1.552880,1.674132,2.394440
1.550303101,1.561550,1.561550,1.550303,2.314189
1.493064403,1.570068,1.570068,1.493064,2.275171
1.451407194,1.578195,1.578195,1.451407,2.252012
0.834299325,1.587039,1.587039,0.834299,1.873046
1.970365405,1.598314,1.598314,1.970365,2.574175
1.349407553,1.607325,1.607325,1.349408,2.184989
1.512472152,1.617292,1.617292,1.512472,2.288481
1.831911563,1.628588,1.628588,1.831912,2.492210
1.341107964,1.638630,1.638630,1.341108,2.180862
1.914037108,1.649411,1.649411,1.914037,2.541503
1.434934973,1.659356,1.659356,1.434935,2.241768
1.97802031,1.669645,1.669645,1.978020,2.578419
1.660842776,1.679934,1.679934,1.660843,2.386271
1.920023798,1.690019,1.690019,1.920024,2.545160
1.777202963,1.698991,1.698991,1.777203,2.456018
1.714041829,1.709067,1.709067,1.714042,2.419828
1.5017699,1.718606,1.718606,1.501770,2.280825
2.09547162,1.729729,1.729729,2.095472,2.639363
1.155458211,1.740261,1.740261,1.155458,2.065132
1.634238362,1.750793,1.750793,1.634238,2.370137
1.835666179,1.762860,1.762860,1.835666,2.494904
1.95535767,1.774990,1.774990,1.955358,2.565777
1.711681365,1.786285,1.786285,1.711681,2.418354
2.092277765,1.795437,1.795437,2.092278,2.637738
1.694780468,1.804634,1.804634,1.694780,2.407159
1.992278218,1.814037,1.814037,1.992278,2.586041
1.86147356,1.822111,1.822111,1.861474,2.511308
1.607351541,1.830981,1.830981,1.607352,2.353685
1.293376207,1.839496,1.839496,1.293376,2.155706
2.179569721,1.850321,1.850321,2.179570,2.676409
1.775415539,1.860803,1.860803,1.775416,2.455086
1.843834996,1.871645,1.871645,1.843835,2.500718
2.036794662,1.883261,1.883261,2.036795,2.609146
2.17602086,1.894607,1.894607,2.176021,2.674910
1.792208075,1.904848,1.904848,1.792208,2.464497
2.073645591,1.915248,1.915248,2.073646,2.628418
1.830993056,1.924807,1.924807,1.830993,2.491561
1.318133354,1.935145,1.935145,1.318133,2.169412
2.289929151,1.947334,1.947334,2.289929,2.723247
1.85866487,1.958400,1.958400,1.858665,2.509627
2.065881967,1.969778,1.969778,2.065882,2.624326
1.81528294,1.980990,1.980990,1.815283,2.480064
2.230163574,1.993477,1.993477,2.230164,2.698443
2.114835739,2.005582,2.005582,2.114836,2.648821
1.843629479,2.017091,2.017091,1.843629,2.500574
2.326951742,2.029591,2.029591,2.326952,2.737983
1.745516657,2.041272,2.041272,1.745517,2.438798
2.127292871,2.053892,2.053892,2.127293,2.654226
1.778986334,2.065348,2.065348,1.778986,2.456974
2.30638051,2.077978,2.077978,2.306381,2.729859
2.122648239,2.090433,2.090433,2.122648,2.652216
1.739487528,2.102445,2.102445,1.739488,2.435209
2.393883228,2.116870,2.116870,2.393883,2.765560
2.007070302,2.131363,2.131363,2.007070,2.593603
2.34212017,2.146140,2.146140,2.342120,2.744261
2.11192131,2.161004,2.161004,2.111921,2.647554
1.98662877,2.175906,2.175906,1.986629,2.583140
2.43812704,2.189790,2.189790,2.438127,2.784368
1.994365453,2.203868,2.203868,1.994365,2.587090
2.11671257,2.218737,2.218737,2.116713,2.649637
2.378998756,2.233873,2.233873,2.378999,2.759587
2.029901266,2.248225,2.248225,2.029901,2.605614
2.519805192,2.263721,2.263721,2.519805,2.819000
2.201828956,2.279152,2.279152,2.201829,2.686364
2.347753286,2.294357,2.294357,2.347753,2.746640
2.222722291,2.310590,2.310590,2.222722,2.695350
2.540855407,2.326167,2.326167,2.540855,2.827659
2.203042984,2.341136,2.341136,2.203043,2.686904
2.373476982,2.355750,2.355750,2.373477,2.757376
2.241666793,2.371231,2.371231,2.241667,2.703270
2.610682249,2.387066,2.387066,2.610682,2.857863
2.418175935,2.400898,2.400898,2.418176,2.776237
2.245007753,2.415661,2.415661,2.245008,2.704723
2.642224788,2.431234,2.431234,2.642225,2.872171
2.40621376,2.445976,2.445976,2.406214,2.771137
2.287972927,2.460440,2.460440,2.287973,2.722440
2.656170845,2.475430,2.475430,2.656171,2.878799
2.415717601,2.490154,2.490154,2.415718,2.775193
2.263739585,2.504692,2.504692,2.263740,2.712581
2.659853458,2.520278,2.520278,2.659853,2.880529
2.442944765,2.535402,2.535402,2.442945,2.786417
2.701055765,2.550350,2.550350,2.701056,2.900987
2.478247404,2.564994,2.564994,2.478247,2.801467
2.739662408,2.579848,2.579848,2.739662,2.921458
2.463256835,2.593705,2.593705,2.463257,2.795147
2.734859943,2.607774,2.607774,2.734860,2.918744
2.499197483,2.621598,2.621598,2.499197,2.810387
2.753099679,2.635496,2.635496,2.753100,2.929099
2.488977909,2.648571,2.648571,2.488978,2.806015
2.758375644,2.661976,2.661976,2.758376,2.932283
2.778743743,2.675192,2.675192,2.778744,2.945702
2.775331974,2.687686,2.687686,2.775332,2.943391
2.469448566,2.698951,2.698951,2.469449,2.797785
2.77332592,2.711319,2.711319,2.773326,2.942050
2.778744459,2.723469,2.723469,2.778744,2.945703
2.7785573,2.734563,2.734563,2.778557,2.945575
2.769505023,2.745674,2.745674,2.769505,2.939494
2.78951478,2.756103,2.756103,2.789515,2.953262
2.773534297,2.765434,2.765434,2.773534,2.942190
2.792606353,2.774828,2.774828,2.792606,2.955405
2.77268505,2.783612,2.783612,2.772685,2.941622
2.830358505,2.792667,2.792667,2.830359,2.982645
2.771621227,2.801110,2.801110,2.771621,2.940911
2.780395507,2.810020,2.810020,2.780396,2.946834
2.840395927,2.818550,2.818550,2.840396,2.990197
2.822318077,2.827176,2.827176,2.822318,2.976772
2.835418701,2.835377,2.835377,2.835419,2.986404
2.85516715,2.843852,2.843852,2.855167,3.001401
2.838012456,2.851817,2.851817,2.838012,2.988387
2.878692388,2.860205,2.860205,2.878692,3.018755
2.86224699,2.868917,2.868917,2.862247,3.006813
2.86738491,2.877648,2.877648,2.867385,3.010599
2.889044761,2.885551,2.885551,2.889045,3.026594
2.887963056,2.893371,2.893371,2.887963,3.025735
2.907281637,2.901162,2.901162,2.907282,3.041235
2.877413034,2.908835,2.908835,2.877413,3.017835
2.918657064,2.916606,2.916606,2.918657,3.050478
2.909889221,2.924302,2.924302,2.909889,3.043351
2.922205448,2.931996,2.931996,2.922205,3.053346
2.941941261,2.939717,2.939717,2.941941,3.069412
2.9615314,2.947325,2.947325,2.961531,3.091208
2.972327709,2.951511,2.951511,2.972328,3.108195
2.960425615,2.955568,2.955568,2.960426,3.089477
2.980447769,2.959540,2.959540,2.980448,3.121960
2.992205142,2.963550,2.963550,2.992205,3.140631
3.01626873,2.967494,2.967494,3.016269,3.165277
3.037543058,2.971313,2.971313,3.037543,3.187066
3.070183753,2.974969,2.974969,3.070184,3.220496
3.095729351,2.978178,2.978178,3.095729,3.246660
